{
    "2": {
        "plastic_range": [
            1,
            5
        ],
        "concrete_range": [
            1,
            10
        ],
        "u_plastic": 3.8269230769230775,
        "u_concrete": 3.7836538461538467
    },
    "3": {
        "plastic_range": [
            1,
            5
        ],
        "concrete_range": [
            1,
            10
        ],
        "u_plastic": 3.602564102564102,
        "u_concrete": 3.4519230769230775
    },
    "4": {
        "plastic_range": [
            1,
            5
        ],
        "concrete_range": [
            1,
            10
        ],
        "u_plastic": 4.82051282051282,
        "u_concrete": 6.01923076923077
    },
    "5": {
        "plastic_range": [
            1,
            15
        ],
        "concrete_range": [
            1,
            15
        ],
        "u_plastic": 4.558035714285715,
        "u_concrete": 2.5324799562682223
    },
    "6": {
        "plastic_range": [
            1,
            5
        ],
        "concrete_range": [
            1,
            10
        ],
        "u_plastic": 3.7211538461538463,
        "u_concrete": 3.3725961538461546
    },
    "7": {
        "plastic_range": [
            1,
            5
        ],
        "concrete_range": [
            1,
            10
        ],
        "u_plastic": 3.0705128205128203,
        "u_concrete": 3.841346153846154
    },
    "8": {
        "plastic_range": [
            1,
            5
        ],
        "concrete_range": [
            1,
            10
        ],
        "u_plastic": 2.9775641025641026,
        "u_concrete": 4.843750000000001
    },
    "9": {
        "plastic_range": [
            1,
            5
        ],
        "concrete_range": [
            1,
            10
        ],
        "u_plastic": 2.905448717948717,
        "u_concrete": 4.977163461538462
    },
    "10": {
        "plastic_range": [
            1,
            15
        ],
        "concrete_range": [
            1,
            15
        ],
        "u_plastic": 3.2110969387755097,
        "u_concrete": 4.901785714285713
    },
    "11": {
        "plastic_range": [
            1,
            5
        ],
        "concrete_range": [
            1,
            10
        ],
        "u_plastic": 3.9198717948717947,
        "u_concrete": 1.9594736193293891
    },
    "12": {
        "plastic_range": [
            1,
            5
        ],
        "concrete_range": [
            1,
            15
        ],
        "u_plastic": 3.533653846153846,
        "u_concrete": 5.212339743589744
    },
    "13": {
        "plastic_range": [
            1,
            5
        ],
        "concrete_range": [
            1,
            15
        ],
        "u_plastic": 2.78954081632653,
        "u_concrete": 5.47767857142857
    },
    "14": {
        "plastic_range": [
            1,
            5
        ],
        "concrete_range": [
            1,
            15
        ],
        "u_plastic": 3.629807692307692,
        "u_concrete": 6.883814102564102
    },
    "15": {
        "plastic_range": [
            1,
            5
        ],
        "concrete_range": [
            1,
            15
        ],
        "u_plastic": 3.2267628205128207,
        "u_concrete": 5.013221153846153
    },
    "16": {
        "plastic_range": [
            1,
            5
        ],
        "concrete_range": [
            1,
            15
        ],
        "u_plastic": 4.560897435897435,
        "u_concrete": 7.2035256410256405
    },
    "17": {
        "plastic_range": [
            1,
            15
        ],
        "concrete_range": [
            1,
            15
        ],
        "u_plastic": 2.4273870262390673,
        "u_concrete": 3.401512390670554
    },
    "18": {
        "plastic_range": [
            1,
            15
        ],
        "concrete_range": [
            1,
            15
        ],
        "u_plastic": 1.1476077675968346,
        "u_concrete": 0.27254826857856845
    },
    "19": {
        "plastic_range": [
            1,
            15
        ],
        "concrete_range": [
            1,
            15
        ],
        "u_plastic": 1.0200288570238591,
        "u_concrete": 9.321428571428571
    },
    "20": {
        "plastic_range": [
            1,
            5
        ],
        "concrete_range": [
            1,
            15
        ],
        "u_plastic": 3.8429487179487185,
        "u_concrete": 3.8605769230769225
    },
    "21": {
        "plastic_range": [
            1,
            15
        ],
        "concrete_range": [
            1,
            15
        ],
        "u_plastic": 2.556526339579225,
        "u_concrete": 2.6909568129520056
    },
    "22": {
        "plastic_range": [
            1,
            5
        ],
        "concrete_range": [
            1,
            15
        ],
        "u_plastic": 2.4326923076923075,
        "u_concrete": 9.020833333333334
    },
    "23": {
        "plastic_range": [
            1,
            5
        ],
        "concrete_range": [
            1,
            15
        ],
        "u_plastic": 2.846938775510204,
        "u_concrete": 12.82142857142857
    },
    "24": {
        "plastic_range": [
            1,
            8
        ],
        "concrete_range": [
            3,
            5
        ],
        "u_plastic": 6.017857142857142,
        "u_concrete": 4.066326530612245
    },
    "25": {
        "plastic_range": [
            1,
            5
        ],
        "concrete_range": [
            1,
            15
        ],
        "u_plastic": 4.342948717948719,
        "u_concrete": 2.9963634122287965
    },
    "26": {
        "plastic_range": [
            1,
            15
        ],
        "concrete_range": [
            1,
            15
        ],
        "u_plastic": 2.6722756410256405,
        "u_concrete": 1.9975961538461542
    },
    "27": {
        "plastic_range": [
            8,
            15
        ],
        "concrete_range": [
            8,
            15
        ],
        "u_plastic": 5.05580357142857,
        "u_concrete": 4.609375
    },
    "28": {
        "plastic_range": [
            1,
            5
        ],
        "concrete_range": [
            1,
            15
        ],
        "u_plastic": 4.121794871794871,
        "u_concrete": 2.2243178829717287
    },
    "29": {
        "plastic_range": [
            1,
            5
        ],
        "concrete_range": [
            1,
            15
        ],
        "u_plastic": 6.185897435897436,
        "u_concrete": 5.016025641025642
    },
    "33": {
        "plastic_range": [
            3,
            8
        ],
        "concrete_range": [
            2,
            8
        ],
        "u_plastic": 7.614383012820513,
        "u_concrete": 4.366586538461539
    },
    "34": {
        "plastic_range": [
            3,
            8
        ],
        "concrete_range": [
            3,
            8
        ],
        "u_plastic": 6.621794871794871,
        "u_concrete": 5.7243589743589745
    },
    "35": {
        "plastic_range": [
            3,
            8
        ],
        "concrete_range": [
            3,
            8
        ],
        "u_plastic": 2.927884615384615,
        "u_concrete": 4.017628205128204
    },
    "37": {
        "plastic_range": [
            3,
            8
        ],
        "concrete_range": [
            3,
            8
        ],
        "u_plastic": 4.045673076923076,
        "u_concrete": 3.909455128205129
    },
    "38": {
        "plastic_range": [
            3,
            8
        ],
        "concrete_range": [
            3,
            8
        ],
        "u_plastic": 5.868589743589743,
        "u_concrete": 7.310897435897435
    },
    "39": {
        "plastic_range": [
            12,
            18
        ],
        "concrete_range": [
            12,
            18
        ],
        "u_plastic": 14.288461538461538,